block,run_id,profile_name,t_start,sweeps,channel,dc_mean_V,ac_rms_V,eff_step_V,quant_floor_V,margin_over_quant,band_0-10k,band_10-50k,band_50-100k,band_100-126k,band_126-135k,band_135-500k,band_500k-1M,band_1055-1066k,band_1M-1.25M
SELVTEST,20260930_084844,0046 passive-profile SELVTEST 2 min,2026-09-30T08:49:08.579426+02:00,9,UL,0.04505,0.0288863,0.0603,0.01741,1.66,0.003921,0.006462,0.007103,0.005094,0.003013,0.01908,0.02227,0.003335,0.01573
SELVTEST,20260930_084844,0046 passive-profile SELVTEST 2 min,2026-09-30T08:49:08.579426+02:00,9,AE,0.00961,0.0143033,0.02513,0.007254,1.97,0.002182,0.003118,0.003736,0.002486,0.002655,0.01008,0.01044,0.001578,0.007369
SELVTEST,20260930_084844,0046 passive-profile SELVTEST 2 min,2026-09-30T08:49:08.579426+02:00,9,SP,4.98653,0.0186235,0.0402,0.0116,1.6,0.002537,0.004112,0.004577,0.003285,0.001915,0.0122,0.01414,0.00408,0.01058
B0,20260930_085412_ABORTED_modbus,0046 block 0 - bare floor 30 min,2026-09-30T08:54:35.964779+02:00,14,UL,0.04396,0.0291613,0.0603,0.01741,1.68,0.003998,0.006544,0.007171,0.005161,0.003023,0.01924,0.02247,0.00337,0.0159
B0,20260930_085412_ABORTED_modbus,0046 block 0 - bare floor 30 min,2026-09-30T08:54:35.964779+02:00,14,AE,0.01014,0.0145263,0.02513,0.007254,2.0,0.002251,0.003139,0.003805,0.002538,0.002765,0.01028,0.01056,0.001667,0.007474
B0,20260930_085412_ABORTED_modbus,0046 block 0 - bare floor 30 min,2026-09-30T08:54:35.964779+02:00,14,SP,4.98632,0.0197745,0.0402,0.0116,1.7,0.002621,0.004286,0.004696,0.003372,0.001977,0.01248,0.01444,0.007414,0.01258
B0,20260930_085938_SPLIT_device_off_at_t20,0046 block 0 - bare floor 30 min,2026-09-30T09:00:03.047206+02:00,149,UL,0.04674,0.0284726,0.0603,0.01741,1.64,0.003894,0.006376,0.007,0.005039,0.002951,0.01878,0.02196,0.003294,0.01552
B0,20260930_085938_SPLIT_device_off_at_t20,0046 block 0 - bare floor 30 min,2026-09-30T09:00:03.047206+02:00,149,AE,0.01061,0.0146558,0.02513,0.007254,2.02,0.00222,0.003177,0.003836,0.002551,0.002764,0.01037,0.01066,0.001673,0.007551
B0,20260930_085938_SPLIT_device_off_at_t20,0046 block 0 - bare floor 30 min,2026-09-30T09:00:03.047206+02:00,149,SP,4.98631,0.0192274,0.0402,0.0116,1.66,0.002558,0.004217,0.00461,0.003314,0.001954,0.01228,0.01423,0.006563,0.01191
B0,20260930_093141,0046 block 0 - bare floor 30 min,2026-09-30T09:32:05.627191+02:00,149,UL,0.04631,0.0285587,0.0603,0.01741,1.64,0.003919,0.006392,0.007032,0.005045,0.002964,0.01885,0.02201,0.003306,0.01555
B0,20260930_093141,0046 block 0 - bare floor 30 min,2026-09-30T09:32:05.627191+02:00,149,AE,0.01179,0.0150026,0.02513,0.007254,2.07,0.002279,0.003248,0.003905,0.002606,0.0028,0.0106,0.01095,0.001702,0.007736
B0,20260930_093141,0046 block 0 - bare floor 30 min,2026-09-30T09:32:05.627191+02:00,149,SP,4.98326,0.0175829,0.0402,0.0116,1.52,0.002428,0.00398,0.004365,0.003143,0.001846,0.01162,0.01351,0.002392,0.009551
B2,20260930_102402,0046 block 2 - linear 24 V PSU 30 min,2026-09-30T10:24:27.318175+02:00,149,UL,0.04294,0.0294026,0.0603,0.01741,1.69,0.004114,0.00658,0.007264,0.005205,0.003053,0.01945,0.02262,0.003365,0.01601
B2,20260930_102402,0046 block 2 - linear 24 V PSU 30 min,2026-09-30T10:24:27.318175+02:00,149,AE,0.0107,0.0145908,0.02513,0.007254,2.01,0.00258,0.003144,0.004421,0.002775,0.002542,0.009969,0.01064,0.001712,0.007535
B2,20260930_102402,0046 block 2 - linear 24 V PSU 30 min,2026-09-30T10:24:27.318175+02:00,149,SP,4.98472,0.017657,0.0402,0.0116,1.52,0.00245,0.003992,0.004392,0.003157,0.001856,0.01167,0.01345,0.002364,0.009767
SELVTEST,20260930_110005_TELEMFIX_selftest,0046 telem-stempel SELVTEST 2 min,2026-09-30T11:00:30.285414+02:00,9,UL,0.04421,0.0291693,0.0603,0.01741,1.68,0.004101,0.006536,0.007193,0.005191,0.003038,0.0193,0.02242,0.003321,0.01586
SELVTEST,20260930_110005_TELEMFIX_selftest,0046 telem-stempel SELVTEST 2 min,2026-09-30T11:00:30.285414+02:00,9,AE,0.01175,0.0149269,0.02513,0.007254,2.06,0.002626,0.003221,0.004565,0.002835,0.002553,0.01017,0.0109,0.00175,0.007733
SELVTEST,20260930_110005_TELEMFIX_selftest,0046 telem-stempel SELVTEST 2 min,2026-09-30T11:00:30.285414+02:00,9,SP,4.98589,0.017804,0.0402,0.0116,1.53,0.002469,0.004021,0.004445,0.003175,0.00187,0.01177,0.01355,0.002414,0.00986
B0b,20260930_110822,0046 block 0b - shorted probe input 10 min,2026-09-30T11:08:46.626104+02:00,50,UL,0.04414,0.0291766,0.0603,0.01741,1.68,0.004074,0.006575,0.007214,0.005199,0.003059,0.01928,0.02247,0.003325,0.01587
B0b,20260930_110822,0046 block 0b - shorted probe input 10 min,2026-09-30T11:08:46.626104+02:00,50,AE,0.01053,0.0145353,0.02513,0.007254,2.0,0.002529,0.003136,0.004381,0.002806,0.002517,0.009925,0.01061,0.001698,0.007517
B0b,20260930_110822,0046 block 0b - shorted probe input 10 min,2026-09-30T11:08:46.626104+02:00,50,SP,-0.02295,0.0220245,0.0402,0.0116,1.9,0.003221,0.004983,0.005444,0.003907,0.002279,0.01453,0.01694,0.002555,0.01198
B2B,20260930_112905,0046 block 2B - heater-temp control box OFF 30 min,2026-09-30T11:29:29.454884+02:00,149,UL,0.04505,0.028881,0.0603,0.01741,1.66,0.003915,0.006465,0.007125,0.005107,0.002981,0.01908,0.02227,0.003301,0.01573
B2B,20260930_112905,0046 block 2B - heater-temp control box OFF 30 min,2026-09-30T11:29:29.454884+02:00,149,AE,0.01125,0.0142479,0.02513,0.007254,1.96,0.002157,0.003216,0.003695,0.002539,0.001536,0.009386,0.01091,0.001772,0.007732
B2B,20260930_112905,0046 block 2B - heater-temp control box OFF 30 min,2026-09-30T11:29:29.454884+02:00,149,SP,4.98424,0.0169445,0.0402,0.0116,1.46,0.002336,0.003795,0.004183,0.002999,0.001757,0.01116,0.01303,0.002305,0.009296
B3a,20261001_084527,"0046 block 3a - VFD energized, motor STILL, sinus OFF, 15 min",2026-10-01T08:45:51.334476+02:00,74,UL,0.04251,0.0301499,0.0603,0.01741,1.73,0.004079,0.00679,0.007476,0.00537,0.00317,0.02012,0.02322,0.003376,0.01617
B3a,20261001_084527,"0046 block 3a - VFD energized, motor STILL, sinus OFF, 15 min",2026-10-01T08:45:51.334476+02:00,74,AE,0.01041,0.0143187,0.02513,0.007254,1.97,0.002156,0.003222,0.003696,0.002611,0.001918,0.009549,0.01088,0.001637,0.007662
B3a,20261001_084527,"0046 block 3a - VFD energized, motor STILL, sinus OFF, 15 min",2026-10-01T08:45:51.334476+02:00,74,SP,4.98522,0.0262515,0.0402,0.0116,2.26,0.003783,0.006536,0.007508,0.005252,0.003308,0.01889,0.01923,0.00261,0.01243
B3b,20261001_103916,"0046 block 3b - motor running 600 rpm, sinus OFF, 10 min",2026-10-01T10:39:41.119844+02:00,49,UL,0.06502,0.283973,0.0603,0.01741,16.31,0.3361,0.02783,0.008095,0.005712,0.003328,0.0211,0.02408,0.003487,0.01657
B3b,20261001_103916,"0046 block 3b - motor running 600 rpm, sinus OFF, 10 min",2026-10-01T10:39:41.119844+02:00,49,AE,0.0126,0.0258065,0.02513,0.007254,3.56,0.002474,0.009535,0.01711,0.01551,0.004544,0.01249,0.01107,0.001636,0.00773
B3b,20261001_103916,"0046 block 3b - motor running 600 rpm, sinus OFF, 10 min",2026-10-01T10:39:41.119844+02:00,49,SP,4.98557,0.0454663,0.0402,0.0116,3.92,0.005866,0.01255,0.01317,0.00962,0.005196,0.03228,0.03421,0.004432,0.02053
B5a,20261001_113117,"0046 block 5a - decoupled 0 rpm, sinus ON, 5 min",2026-10-01T11:31:41.678609+02:00,24,UL,0.04262,0.0304289,0.0603,0.01741,1.75,0.004161,0.006938,0.007612,0.005498,0.003197,0.02038,0.02338,0.003399,0.01616
B5a,20261001_113117,"0046 block 5a - decoupled 0 rpm, sinus ON, 5 min",2026-10-01T11:31:41.678609+02:00,24,AE,0.01085,0.0142785,0.02513,0.007254,1.97,0.002127,0.003199,0.00383,0.002569,0.001739,0.009431,0.01087,0.001742,0.007701
B5a,20261001_113117,"0046 block 5a - decoupled 0 rpm, sinus ON, 5 min",2026-10-01T11:31:41.678609+02:00,24,SP,4.98672,0.0883229,0.0402,0.0116,7.61,0.0117,0.02419,0.0264,0.01933,0.01108,0.06684,0.06052,0.01721,0.04061
B5b,20261001_114015,"0046 block 5b - decoupled 500 rpm, sinus ON, 5 min",2026-10-01T11:40:40.257541+02:00,25,UL,0.04189,0.0314515,0.0603,0.01741,1.81,0.008352,0.006998,0.007712,0.005557,0.003221,0.02062,0.02381,0.003501,0.01647
B5b,20261001_114015,"0046 block 5b - decoupled 500 rpm, sinus ON, 5 min",2026-10-01T11:40:40.257541+02:00,25,AE,0.01179,0.0239773,0.02513,0.007254,3.31,0.002429,0.008974,0.01707,0.01183,0.005288,0.01178,0.01094,0.001721,0.007682
B5b,20261001_114015,"0046 block 5b - decoupled 500 rpm, sinus ON, 5 min",2026-10-01T11:40:40.257541+02:00,25,SP,4.98876,0.136294,0.0402,0.0116,11.74,0.01576,0.04385,0.05821,0.03404,0.01658,0.08503,0.09389,0.02095,0.06965
B5c,20261001_114854,"0046 block 5c - decoupled 1500 rpm, sinus ON, 5 min",2026-10-01T11:49:19.014737+02:00,23,UL,0.04349,0.0310527,0.0603,0.01741,1.78,0.006487,0.006953,0.007707,0.005526,0.003256,0.02053,0.02371,0.003466,0.01641
B5c,20261001_114854,"0046 block 5c - decoupled 1500 rpm, sinus ON, 5 min",2026-10-01T11:49:19.014737+02:00,23,AE,0.01243,0.0236212,0.02513,0.007254,3.26,0.002148,0.00774,0.01667,0.01233,0.005032,0.01174,0.01095,0.001728,0.007683
B5c,20261001_114854,"0046 block 5c - decoupled 1500 rpm, sinus ON, 5 min",2026-10-01T11:49:19.014737+02:00,23,SP,4.98723,0.136461,0.0402,0.0116,11.76,0.01611,0.04028,0.05849,0.03393,0.01652,0.08511,0.09471,0.02091,0.07029
B5e,20261001_125027,"0046 block 5e - decoupled 0 rpm, sinus OFF, 5 min",2026-10-01T12:50:51.476622+02:00,23,UL,0.0419,0.0306659,0.0603,0.01741,1.76,0.004149,0.006899,0.007593,0.005434,0.00321,0.02034,0.02356,0.003482,0.01668
B5e,20261001_125027,"0046 block 5e - decoupled 0 rpm, sinus OFF, 5 min",2026-10-01T12:50:51.476622+02:00,23,AE,0.00957,0.013993,0.02513,0.007254,1.93,0.003523,0.003097,0.003444,0.002456,0.001446,0.009132,0.01061,0.001661,0.00755
B5e,20261001_125027,"0046 block 5e - decoupled 0 rpm, sinus OFF, 5 min",2026-10-01T12:50:51.476622+02:00,23,SP,4.98893,0.0904296,0.0402,0.0116,7.79,0.01166,0.02372,0.02658,0.0186,0.01085,0.06621,0.06465,0.01426,0.04274
B5f,20261001_125757,"0046 block 5f - decoupled 500 rpm, sinus OFF, 5 min",2026-10-01T12:58:21.190923+02:00,24,UL,0.04295,0.0312829,0.0603,0.01741,1.8,0.008605,0.006927,0.007578,0.005475,0.003174,0.02035,0.02362,0.003499,0.01657
B5f,20261001_125757,"0046 block 5f - decoupled 500 rpm, sinus OFF, 5 min",2026-10-01T12:58:21.190923+02:00,24,AE,0.00939,0.0140172,0.02513,0.007254,1.93,0.003546,0.003091,0.00344,0.002476,0.00145,0.009143,0.01064,0.00166,0.007557
B5f,20261001_125757,"0046 block 5f - decoupled 500 rpm, sinus OFF, 5 min",2026-10-01T12:58:21.190923+02:00,24,SP,4.98797,0.120572,0.0402,0.0116,10.39,0.01316,0.02854,0.03066,0.02252,0.01198,0.0823,0.09543,0.01809,0.05797
B5g,20261001_130453,"0046 block 5g - decoupled 1500 rpm, sinus OFF, 5 min",2026-10-01T13:05:17.020487+02:00,24,UL,0.04283,0.0312095,0.0603,0.01741,1.79,0.007971,0.006903,0.007612,0.00548,0.003204,0.02035,0.02369,0.003545,0.01661
B5g,20261001_130453,"0046 block 5g - decoupled 1500 rpm, sinus OFF, 5 min",2026-10-01T13:05:17.020487+02:00,24,AE,0.00946,0.0140319,0.02513,0.007254,1.93,0.003516,0.003102,0.003442,0.002464,0.001453,0.009168,0.01065,0.00165,0.007572
B5g,20261001_130453,"0046 block 5g - decoupled 1500 rpm, sinus OFF, 5 min",2026-10-01T13:05:17.020487+02:00,24,SP,4.987,0.1196,0.0402,0.0116,10.31,0.01428,0.02758,0.03094,0.02244,0.01281,0.08145,0.09451,0.01818,0.05749
B5h,20261001_133652,"0046 block 5h - decoupled 0 rpm, sinus ON + FILTER-VFD GROUND RESTORED, 5 min",2026-10-01T13:37:16.202630+02:00,24,UL,0.04353,0.030228,0.0603,0.01741,1.74,0.00407,0.006844,0.007531,0.005396,0.00316,0.0201,0.02315,0.003454,0.01643
B5h,20261001_133652,"0046 block 5h - decoupled 0 rpm, sinus ON + FILTER-VFD GROUND RESTORED, 5 min",2026-10-01T13:37:16.202630+02:00,24,AE,0.00891,0.0141175,0.02513,0.007254,1.95,0.002052,0.003017,0.003995,0.00248,0.002132,0.009781,0.01047,0.001609,0.007345
B5h,20261001_133652,"0046 block 5h - decoupled 0 rpm, sinus ON + FILTER-VFD GROUND RESTORED, 5 min",2026-10-01T13:37:16.202630+02:00,24,SP,4.98594,0.0838204,0.0402,0.0116,7.22,0.01134,0.02362,0.02653,0.01857,0.01094,0.06519,0.0546,0.0151,0.03836
B5i,20261001_134851,"0046 block 5i - decoupled 500 rpm, sinus ON + FILTER-VFD GROUND RESTORED, 5 min",2026-10-01T13:49:15.405606+02:00,23,UL,0.04468,0.0318246,0.0603,0.01741,1.83,0.007821,0.006873,0.007618,0.005447,0.003164,0.02034,0.0244,0.003675,0.01742
B5i,20261001_134851,"0046 block 5i - decoupled 500 rpm, sinus ON + FILTER-VFD GROUND RESTORED, 5 min",2026-10-01T13:49:15.405606+02:00,23,AE,0.01041,0.0543985,0.02513,0.007254,7.5,0.002258,0.008464,0.04119,0.02429,0.01406,0.03727,0.02044,0.001904,0.008656
B5i,20261001_134851,"0046 block 5i - decoupled 500 rpm, sinus ON + FILTER-VFD GROUND RESTORED, 5 min",2026-10-01T13:49:15.405606+02:00,23,SP,4.98806,0.238985,0.0402,0.0116,20.59,0.02017,0.04718,0.1237,0.06892,0.03936,0.1324,0.1545,0.03162,0.1418
B5k,20261001_141121,"0046 block 5k - REVERSIBILITY: 500 rpm, sinus ON, ground REMOVED again, 5 min",2026-10-01T14:11:45.171021+02:00,24,UL,0.04487,0.0305473,0.0603,0.01741,1.75,0.007595,0.006787,0.007491,0.005391,0.003151,0.01999,0.02323,0.003406,0.01614
B5k,20261001_141121,"0046 block 5k - REVERSIBILITY: 500 rpm, sinus ON, ground REMOVED again, 5 min",2026-10-01T14:11:45.171021+02:00,24,AE,0.00967,0.0266786,0.02513,0.007254,3.68,0.002293,0.01005,0.02065,0.01335,0.00597,0.01224,0.01073,0.001632,0.007452
B5k,20261001_141121,"0046 block 5k - REVERSIBILITY: 500 rpm, sinus ON, ground REMOVED again, 5 min",2026-10-01T14:11:45.171021+02:00,24,SP,4.98856,0.163957,0.0402,0.0116,14.13,0.0176,0.04785,0.06613,0.04058,0.01942,0.09292,0.1206,0.02389,0.09018
B4b,20261001_142438,"0046 block 4b - heater-temp box BACK ON, 0 rpm, 10 min",2026-10-01T14:25:02.662380+02:00,49,UL,0.03975,0.0303878,0.0603,0.01741,1.75,0.004288,0.006867,0.007537,0.005433,0.003188,0.02003,0.02328,0.003514,0.01667
B4b,20261001_142438,"0046 block 4b - heater-temp box BACK ON, 0 rpm, 10 min",2026-10-01T14:25:02.662380+02:00,49,AE,0.00853,0.0139136,0.02513,0.007254,1.92,0.002403,0.003018,0.003774,0.002464,0.002567,0.009526,0.01025,0.001609,0.007275
B4b,20261001_142438,"0046 block 4b - heater-temp box BACK ON, 0 rpm, 10 min",2026-10-01T14:25:02.662380+02:00,49,SP,4.98657,0.0988539,0.0402,0.0116,8.52,0.01125,0.02304,0.02873,0.019,0.01509,0.06745,0.06977,0.01858,0.05621
B6,20261001_145326,"0046 block 6 - heater relay toggled twice, 0 rpm, 15 min",2026-10-01T14:53:50.303813+02:00,74,UL,0.04274,0.0299907,0.0603,0.01741,1.72,0.00419,0.006848,0.007506,0.005364,0.003151,0.01988,0.02294,0.003457,0.01634
B6,20261001_145326,"0046 block 6 - heater relay toggled twice, 0 rpm, 15 min",2026-10-01T14:53:50.303813+02:00,74,AE,0.00967,0.014327,0.02513,0.007254,1.97,0.002259,0.003104,0.004472,0.002604,0.002447,0.009676,0.01052,0.001682,0.007487
B6,20261001_145326,"0046 block 6 - heater relay toggled twice, 0 rpm, 15 min",2026-10-01T14:53:50.303813+02:00,74,SP,4.98807,0.111863,0.0402,0.0116,9.64,0.01293,0.02635,0.04028,0.02198,0.01874,0.07448,0.07633,0.02223,0.06609
B2C,20261002_092610,"0046 block 2C - VFD mains OFF, heater box ON, 0 rpm, 15 min",2026-10-02T09:26:35.264896+02:00,74,UL,0.04281,0.0294952,0.0603,0.01741,1.69,0.004134,0.006657,0.007298,0.00525,0.003066,0.01949,0.02268,0.00345,0.0161
B2C,20261002_092610,"0046 block 2C - VFD mains OFF, heater box ON, 0 rpm, 15 min",2026-10-02T09:26:35.264896+02:00,74,AE,0.01205,0.0148696,0.02513,0.007254,2.05,0.00249,0.003253,0.003976,0.002666,0.002369,0.01016,0.01101,0.002014,0.007863
B2C,20261002_092610,"0046 block 2C - VFD mains OFF, heater box ON, 0 rpm, 15 min",2026-10-02T09:26:35.264896+02:00,74,SP,4.98777,0.0424121,0.0402,0.0116,3.65,0.004114,0.006797,0.01274,0.007001,0.009233,0.02585,0.02194,0.02601,0.03455
B2D,20261002_100026,"0046 block 2D - VFD mains OFF, box OFF, motor DECOUPLED, 0 rpm, 15 min",2026-10-02T10:00:50.416972+02:00,74,UL,0.04148,0.0296595,0.0603,0.01741,1.7,0.004055,0.006643,0.007294,0.005254,0.003083,0.01958,0.02287,0.003453,0.01618
B2D,20261002_100026,"0046 block 2D - VFD mains OFF, box OFF, motor DECOUPLED, 0 rpm, 15 min",2026-10-02T10:00:50.416972+02:00,74,AE,0.01124,0.0142671,0.02513,0.007254,1.97,0.002094,0.003212,0.003713,0.002547,0.001546,0.009385,0.01092,0.001822,0.007758
B2D,20261002_100026,"0046 block 2D - VFD mains OFF, box OFF, motor DECOUPLED, 0 rpm, 15 min",2026-10-02T10:00:50.416972+02:00,74,SP,4.98861,0.0246196,0.0402,0.0116,2.12,0.002731,0.004272,0.005684,0.003366,0.002242,0.01252,0.01461,0.01901,0.02165
